NbPoints, tempsListe
500,0.116954
1000,0.401370
1500,0.904736
2000,1.627872
2500,2.592304
3000,3.958952
3500,5.855539
4000,8.199479
4500,11.093207
5000,15.157521
